product_name,price
Clarks Originals weaver shoes in dark green suede,£130.00
Dr Martens 2976 YS chelsea boots in black smooth,£149.00
ASOS DESIGN cuban heel western chelsea boots in stone faux suede with zips,£32.00
ASOS DESIGN ankle length wellington boots in black with pink contrast sole,£26.00
ASOS DESIGN cuban chelsea boot in black patent lizard faux leather with black chain,£50.00
Asra Cactus square toe chelsea boots in black leather,£36.00
Timberland 6 inch Premium boots in black,£180.00
Dr Martens jadon 8-eye platform boots in black,£179.00
Clarks Originals desert coal boots in green camo,£130.00
ASOS DESIGN wellington boot in clear,£17.00
ASOS DESIGN desert boots in stone suede with leather detail,£40.00
Dr Martens Vegan 1460 8-eye boots in black - BLACK,£149.00
Timberland Newmarket II Quilted boots in black,£145.00
Asra Cactus square toe chelsea boots in brown suede,£36.00
Schuh chunky desert boots in black ,£55.00
Timberland Vibram Lux 6 inch WP boots in wheat tan,£220.00
