subject_name,course_name,course_url
Computer Science Courses,Supervised Machine Learning: Regression and Classification ,https://www.classcentral.com/course/machine-learning-835
Computer Science Courses,CS50's Introduction to Computer Science,https://www.classcentral.com/course/edx-cs50-s-introduction-to-computer-science-442
Computer Science Courses,"Information Systems Auditing, Controls and Assurance",https://www.classcentral.com/course/information-systems-audit-17979
Computer Science Courses,Unlocking Information Security I: From Cryptography to Buffer Overflows,https://www.classcentral.com/course/edx-unlocking-information-security-part-i-16964
Computer Science Courses,Elements of AI,https://www.classcentral.com/course/independent-elements-of-ai-12469
Computer Science Courses,Cyber Security,https://www.classcentral.com/course/swayam-cyber-security-13978
Computer Science Courses,Introduction to Cyber Security,https://www.classcentral.com/course/swayam-introduction-to-cyber-security-14116
Computer Science Courses,Introduction to Computer Science and Programming Using Python,https://www.classcentral.com/course/edx-introduction-to-computer-science-and-programming-using-python-1341
Computer Science Courses,Computational Social Science Methods,https://www.classcentral.com/course/computational-social-science-methods-17299
Computer Science Courses,"Divide and Conquer, Sorting and Searching, and Randomized Algorithms",https://www.classcentral.com/course/algorithms-divide-conquer-374
Computer Science Courses,Transport Systems: Global Issues and Future Innovations,https://www.classcentral.com/course/transport-systems-global-issues-and-future-innova-12705
Computer Science Courses,Cryptography I,https://www.classcentral.com/course/crypto-616
Computer Science Courses,Machine Learning for Musicians and Artists,https://www.classcentral.com/course/kadenze-machine-learning-for-musicians-and-artists-3768
Computer Science Courses,Functional Programming Principles in Scala,https://www.classcentral.com/course/progfun-422
Computer Science Courses,"Algorithms, Part I",https://www.classcentral.com/course/algs4partI-339
Mathematics Courses,Differential Equations for Engineers,https://www.classcentral.com/course/differential-equations-engineers-13258
Mathematics Courses,Matrix Algebra for Engineers,https://www.classcentral.com/course/matrix-algebra-engineers-11986
Mathematics Courses,Mathematical Economics,https://www.classcentral.com/course/swayam-mathematical-economics-14187
Mathematics Courses,Fibonacci Numbers and the Golden Ratio,https://www.classcentral.com/course/fibonacci-6684
Mathematics Courses,Vector Calculus for Engineers,https://www.classcentral.com/course/vector-calculus-engineers-17387
Mathematics Courses,Introduction to Dynamical Systems and Chaos,https://www.classcentral.com/course/complexity-explorer-introduction-to-dynamical-systems-and-chaos-1182
Mathematics Courses,Estadística Aplicada a los Negocios,https://www.classcentral.com/course/edx-estadistica-aplicada-a-los-negocios-10270
Mathematics Courses,Bases Matemáticas: Números y terminología,https://www.classcentral.com/course/edx-bases-matematicas-numeros-y-terminologia-2955
Mathematics Courses,Introduction to Mathematical Thinking,https://www.classcentral.com/course/maththink-370
Mathematics Courses,Intro to Statistics,https://www.classcentral.com/course/udacity-intro-to-statistics-361
Mathematics Courses,Fractals and Scaling,https://www.classcentral.com/course/complexity-explorer-fractals-and-scaling-3612
Mathematics Courses,Statistical Learning,https://www.classcentral.com/course/edx-statistical-learning-1579
Mathematics Courses,Probability - The Science of Uncertainty and Data,https://www.classcentral.com/course/edx-probability-the-science-of-uncertainty-and-data-1496
Mathematics Courses,"Precalculus: the Mathematics of Numbers, Functions and Equations",https://www.classcentral.com/course/precalculus-8988
Mathematics Courses,"Advanced Precalculus: Geometry, Trigonometry and Exponentials",https://www.classcentral.com/course/advanced-precalculus-9602
Science Courses,Extinctions: Past and Present,https://www.classcentral.com/course/extinctions-past-present-8004
Science Courses,Mountains 101,https://www.classcentral.com/course/mountains-101-7455
Science Courses,Nutrition and Health: Human Microbiome,https://www.classcentral.com/course/edx-nutrition-and-health-human-microbiome-9565
Science Courses,Forensic Facial Reconstruction: Finding Mr. X,https://www.classcentral.com/course/forensic-facial-reconstruction-7641
Science Courses,Introduction to Complexity,https://www.classcentral.com/course/complexity-explorer-introduction-to-complexity-557
Science Courses,Ecology and Wildlife Conservation,https://www.classcentral.com/course/ecology-and-wildlife-conservation-13667
Science Courses,Dino 101: Dinosaur Paleobiology,https://www.classcentral.com/course/dino101-1057
Science Courses,Introduction to Biology - The Secret of Life,https://www.classcentral.com/course/edx-introduction-to-biology-the-secret-of-life-637
Science Courses,Medical Parasitology | 医学寄生虫学,https://www.classcentral.com/course/edx-medical-parasitology-19192
Science Courses,Pronóstico de la generación de energía eólica y solar fotovoltaica,https://www.classcentral.com/course/edx-pronostico-de-la-generacion-de-energia-eolica-y-solar-fotovoltaica-19544
Science Courses,The Science of Gastronomy,https://www.classcentral.com/course/scigast-519
Science Courses,Cartography,https://www.classcentral.com/course/independent-cartography-8812
Science Courses,Molecular Biology - Part 1: DNA Replication and Repair,https://www.classcentral.com/course/edx-molecular-biology-part-1-dna-replication-and-repair-2907
Science Courses,Quantum Mechanics for Everyone,https://www.classcentral.com/course/edx-quantum-mechanics-for-everyone-8284
Science Courses,Introduction to Animal Behaviour,https://www.classcentral.com/course/edx-introduction-to-animal-behaviour-6033
Art & Design Courses,ANIMATIONs,https://www.classcentral.com/course/swayam-animations-13880
Art & Design Courses,How to Write Your First Song,https://www.classcentral.com/course/songwriting-3369
Art & Design Courses,Sustainability in Architecture: An Interdisciplinary Introduction,https://www.classcentral.com/course/edx-sustainability-in-architecture-an-interdisciplinary-introduction-11438
Art & Design Courses,Gamification,https://www.classcentral.com/course/gamification-343
Art & Design Courses,Innovation: the Fashion Industry,https://www.classcentral.com/course/fashion-innovation-5004
Art & Design Courses,Max MSP Programming Course: Structuring Interactive Software for Digital Arts,https://www.classcentral.com/course/kadenze-max-msp-programming-course-structuring-interactive-software-for-digital-arts-6411
Art & Design Courses,"Circular Fashion: Design, Science and Value in a Sustainable Clothing Industry",https://www.classcentral.com/course/edx-circular-fashion-design-science-and-value-in-a-sustainable-clothing-industry-17080
Art & Design Courses,Design: Creation of Artifacts in Society,https://www.classcentral.com/course/design-371
Art & Design Courses,Physical Theatre: Exploring the Slap,https://www.classcentral.com/course/physical-theatre-exploring-the-slap-6096
Art & Design Courses,Introduction to Real-Time Audio Programming in ChucK,https://www.classcentral.com/course/kadenze-introduction-to-real-time-audio-programming-in-chuck-3749
Art & Design Courses,The 3D Printing Revolution,https://www.classcentral.com/course/3d-printing-revolution-5991
Art & Design Courses,Ableton Live Course: Sound Production for Musicians and Artists,https://www.classcentral.com/course/kadenze-ableton-live-course-sound-production-for-musicians-and-artists-3765
Art & Design Courses,Roman Architecture,https://www.classcentral.com/course/romanarchitecture-910
Art & Design Courses,"Product Design, Prototyping, and Testing",https://www.classcentral.com/course/edx-product-design-prototyping-and-testing-19100
Art & Design Courses,The Architectural Imagination,https://www.classcentral.com/course/edx-the-architectural-imagination-7836
Programming Courses,Python Data Structures,https://www.classcentral.com/course/python-data-4174
Programming Courses,Programming for Everybody (Getting Started with Python),https://www.classcentral.com/course/python-4319
Programming Courses,Using Databases with Python,https://www.classcentral.com/course/python-databases-4272
Programming Courses,Using Python to Access Web Data,https://www.classcentral.com/course/python-network-data-4343
Programming Courses,Computing in Python I: Fundamentals and Procedural Programming,https://www.classcentral.com/course/edx-computing-in-python-i-fundamentals-and-procedural-programming-11469
Programming Courses,Python for Everybody,https://www.classcentral.com/course/python-18625
Programming Courses,An Introduction to Interactive Programming in Python (Part 1),https://www.classcentral.com/course/interactivepython1-408
Programming Courses,Python and Statistics for Financial Analysis,https://www.classcentral.com/course/python-statistics-financial-analysis-12648
Programming Courses,Introduction to Programming with MATLAB,https://www.classcentral.com/course/matlab-3396
Programming Courses,Learn to Program: The Fundamentals,https://www.classcentral.com/course/programming1-385
Programming Courses,Python: aprender a programar,https://www.classcentral.com/course/edx-python-aprender-a-programar-20077
Programming Courses,Computing in Python IV: Objects & Algorithms,https://www.classcentral.com/course/edx-computing-in-python-iv-objects-algorithms-11472
Programming Courses,Python for Everybody - Exploring Information,https://www.classcentral.com/course/independent-python-for-everybody-exploring-information-7363
Programming Courses,An Introduction to Interactive Programming in Python (Part 2),https://www.classcentral.com/course/interactivepython2-3196
Programming Courses,Introduction to HTML5,https://www.classcentral.com/course/introhtml-4307
Data Science Courses,The Data Scientist’s Toolbox,https://www.classcentral.com/course/datascitoolbox-1712
Data Science Courses,R Programming,https://www.classcentral.com/course/rprog-1713
Data Science Courses,Computational Social Science,https://www.classcentral.com/course/computational-social-science-ucdavis-18710
Data Science Courses,The Analytics Edge,https://www.classcentral.com/course/edx-the-analytics-edge-1623
Data Science Courses,Introduction to Data Science in Python,https://www.classcentral.com/course/python-data-analysis-6671
Data Science Courses,Getting and Cleaning Data,https://www.classcentral.com/course/getdata-1714
Data Science Courses,Become a Data Analyst,https://www.classcentral.com/course/data-analyst-nanodegree--nd002-18208
Data Science Courses,Python for Data Science,https://www.classcentral.com/course/swayam-python-for-data-science-14266
Data Science Courses,Exploratory Data Analysis,https://www.classcentral.com/course/exploratory-data-analysis-1715
Data Science Courses,Python for Data Science,https://www.classcentral.com/course/edx-python-for-data-science-8209
Data Science Courses,Data Science and Agile Systems for Product Management,https://www.classcentral.com/course/edx-data-science-and-agile-systems-for-product-management-19101
Data Science Courses,Probability - The Science of Uncertainty and Data,https://www.classcentral.com/course/edx-probability-the-science-of-uncertainty-and-data-1496
Data Science Courses,Spatial Data Science: The New Frontier in Analytics,https://www.classcentral.com/course/independent-spatial-data-science-the-new-frontier-in-analytics-17227
Data Science Courses,Introducción a la Ciencia de Datos con Python,https://www.classcentral.com/course/edx-introduccion-a-la-ciencia-de-datos-con-python-21169
Data Science Courses,Mining Massive Datasets,https://www.classcentral.com/course/edx-mining-massive-datasets-2406
Engineering Courses,Introduction to Engineering Mechanics,https://www.classcentral.com/course/statics1-564
Engineering Courses,Differential Equations for Engineers,https://www.classcentral.com/course/differential-equations-engineers-13258
Engineering Courses,Matrix Algebra for Engineers,https://www.classcentral.com/course/matrix-algebra-engineers-11986
Engineering Courses,Vector Calculus for Engineers,https://www.classcentral.com/course/vector-calculus-engineers-17387
Engineering Courses,Technical Report Writing for Engineers,https://www.classcentral.com/course/technical-report-writing-for-engineers-9087
Engineering Courses,Mechanics of Materials I: Fundamentals of Stress & Strain and Axial Loading,https://www.classcentral.com/course/mechanics-1-5031
Engineering Courses,Pronóstico de la generación de energía eólica y solar fotovoltaica,https://www.classcentral.com/course/edx-pronostico-de-la-generacion-de-energia-eolica-y-solar-fotovoltaica-19544
Engineering Courses,Introduction to Indoor Air Quality,https://www.classcentral.com/course/intro-indoor-air-quality-9706
Engineering Courses,Industrial Pharmacy-I,https://www.classcentral.com/course/swayam-industrial-pharmacy-i-14123
Engineering Courses,Circuits and Electronics 1: Basic Circuit Analysis,https://www.classcentral.com/course/edx-circuits-and-electronics-1-basic-circuit-analysis-444
Engineering Courses,Applications in Engineering Mechanics,https://www.classcentral.com/course/statics2-1148
Engineering Courses,Do-It-Yourself  Geo Apps,https://www.classcentral.com/course/independent-do-it-yourself-geo-apps-7986
Engineering Courses,Building a Future with Robots,https://www.classcentral.com/course/robotic-future-6721
Engineering Courses,El rol de la digitalización en la transición energética,https://www.classcentral.com/course/el-rol-de-la-digitalizacion-en-la-transicion-ener-48104
Engineering Courses,Introducción a la energía solar fotovoltaica: El módulo fotovoltaico,https://www.classcentral.com/course/edx-introduccion-a-la-energia-solar-fotovoltaica-el-modulo-fotovoltaico-11841
Education & Teaching Courses,Early Childhood Care and Education,https://www.classcentral.com/course/swayam-early-childhood-care-and-education-14020
Education & Teaching Courses,Teaching Young Learners Online,https://www.classcentral.com/course/teaching-young-learners-online-20139
Education & Teaching Courses,Understanding IELTS: Reading,https://www.classcentral.com/course/understanding-ielts-reading-17038
Education & Teaching Courses,Understanding IELTS: Listening,https://www.classcentral.com/course/understanding-ielts-listening-17168
Education & Teaching Courses,Understanding IELTS: Speaking,https://www.classcentral.com/course/understanding-ielts-speaking-17037
Education & Teaching Courses,Understanding IELTS: Writing,https://www.classcentral.com/course/understanding-ielts-writing-17169
Education & Teaching Courses,Learning and Learners,https://www.classcentral.com/course/english-language-teaching-learning-6379
Education & Teaching Courses,The Classroom and the World,https://www.classcentral.com/course/english-language-teaching-classroom-6380
Education & Teaching Courses,Lessons and Teaching,https://www.classcentral.com/course/english-language-teaching-3659
Education & Teaching Courses,Uncommon Sense Teaching,https://www.classcentral.com/course/uncommon-sense-teaching-46410
Education & Teaching Courses,Research Ethics and Plagiarism,https://www.classcentral.com/course/swayam-research-ethics-and-plagiarism-59132
Education & Teaching Courses,"Education for All: Disability, Diversity and Inclusion ",https://www.classcentral.com/course/education-for-all-5664
Education & Teaching Courses,Migrants and Refugees in Education: A toolkit for teachers,https://www.classcentral.com/course/migrants-and-refugees-in-education-11825
Education & Teaching Courses,School Counseling,https://www.classcentral.com/course/swayam-school-counseling-23796
Education & Teaching Courses,Becoming a Better Teacher: Exploring Professional Development,https://www.classcentral.com/course/becoming-a-better-teacher-8267
Computer Science Courses,"Internet History, Technology, and Security",https://www.classcentral.com/course/insidetheinternet-335
Computer Science Courses,Functional Program Design in Scala,https://www.classcentral.com/course/progfun2-1186
Computer Science Courses,Computer Simulations,https://www.classcentral.com/course/computer-simulations-17986
Computer Science Courses,Unlocking Information Security II: An Internet Perspective,https://www.classcentral.com/course/edx-unlocking-information-security-part-ii-16965
Computer Science Courses,Introduction to Artificial Intelligence,https://www.classcentral.com/course/udacity-introduction-to-artificial-intelligence-301
Computer Science Courses,Intro to Computer Science,https://www.classcentral.com/course/udacity-intro-to-computer-science-320
Computer Science Courses,Machine Learning Foundations: A Case Study Approach,https://www.classcentral.com/course/ml-foundations-4352
Computer Science Courses,Computational Social Science Capstone Project,https://www.classcentral.com/course/css-capstone-17985
Computer Science Courses,AI and Big Data in Global Health Improvement,https://www.classcentral.com/course/ai-and-big-data-global-health-improvement-17981
Computer Science Courses,"Algorithms, Part II",https://www.classcentral.com/course/algs4partII-340
Computer Science Courses,Build a Modern Computer from First Principles: From Nand to Tetris (Project-Centered Course),https://www.classcentral.com/course/build-a-computer-3234
Computer Science Courses,Bitcoin and Cryptocurrency Technologies,https://www.classcentral.com/course/bitcointech-3655
Computer Science Courses,"Cloud Computing Concepts, Part 1",https://www.classcentral.com/course/cloud-computing-2717
Computer Science Courses,Automata Theory,https://www.classcentral.com/course/edx-automata-theory-376
Computer Science Courses,Introduction to Machine Learning Course,https://www.classcentral.com/course/udacity-introduction-to-machine-learning-course-2996
Mathematics Courses,Nonlinear Dynamics: Mathematical and Computational Approaches,https://www.classcentral.com/course/complexity-explorer-nonlinear-dynamics-mathematical-and-computational-approaches-1195
Mathematics Courses,How to Learn Math: For Students,https://www.classcentral.com/course/edx-how-to-learn-math-for-students-917
Mathematics Courses,Introduction to Linear Models and Matrix Algebra,https://www.classcentral.com/course/edx-introduction-to-linear-models-and-matrix-algebra-2963
Mathematics Courses,Bases Matemáticas: Álgebra,https://www.classcentral.com/course/edx-bases-matematicas-algebra-2968
Mathematics Courses,Statistics 110: Probability,https://www.classcentral.com/course/youtube-statistics-110-probability-91487/classroom
Mathematics Courses,Linear Algebra (Fall 2011),https://www.classcentral.com/course/mit-opencourseware-linear-algebra-fall-2011-40964/classroom
Mathematics Courses,Convex Optimization,https://www.classcentral.com/course/edx-convex-optimization-1577
Mathematics Courses,Fat Chance: Probability from the Ground Up,https://www.classcentral.com/course/edx-fat-chance-probability-from-the-ground-up-10159
Mathematics Courses,Statistical Inference and Modeling for High-throughput Experiments,https://www.classcentral.com/course/edx-statistical-inference-and-modeling-for-high-throughput-experiments-2967
Mathematics Courses,Mathematical and Computational Methods,https://www.classcentral.com/course/mathematical-and-computational-methods-27989
Mathematics Courses,Introduction to Probability and Data with R,https://www.classcentral.com/course/probability-intro-6099
Mathematics Courses,A Crash Course in Causality:  Inferring Causal Effects from Observational Data,https://www.classcentral.com/course/crash-course-in-causality-8425
Mathematics Courses,Single Variable Calculus (Fall 2006),https://www.classcentral.com/course/mit-opencourseware-single-variable-calculus-fall-2006-40961/classroom
Mathematics Courses,Multivariable Calculus (Fall 2007),https://www.classcentral.com/course/mit-opencourseware-multivariable-calculus-fall-2007-40962/classroom
Mathematics Courses,Tutorials for Complex Systems,https://www.classcentral.com/course/complexity-explorer-tutorials-for-complex-systems-1194
Health & Medicine Courses,Understanding Medical Research: Your Facebook Friend is Wrong,https://www.classcentral.com/course/medical-research-19515
Health & Medicine Courses,"Nutrition, Exercise and Sports",https://www.classcentral.com/course/edx-nutrition-exercise-and-sports-14381
Health & Medicine Courses,"Nutrition, Heart Disease and Diabetes",https://www.classcentral.com/course/edx-nutrition-heart-disease-and-diabetes-11592
Health & Medicine Courses,Nutrition and Health: Micronutrients and Malnutrition,https://www.classcentral.com/course/edx-nutrition-and-health-micronutrients-and-malnutrition-3643
Health & Medicine Courses,Nutrition and Health: Macronutrients and Overnutrition,https://www.classcentral.com/course/edx-nutrition-and-health-macronutrients-and-overnutrition-2154
Health & Medicine Courses,Nutrition and Cancer,https://www.classcentral.com/course/edx-nutrition-and-cancer-11591
Health & Medicine Courses,Discover Dentistry,https://www.classcentral.com/course/discover-dentistry-1249
Health & Medicine Courses,Maintaining a Mindful Life,https://www.classcentral.com/course/mindfulness-life-9078
Health & Medicine Courses,Mindfulness for Wellbeing and Peak Performance,https://www.classcentral.com/course/mindfulness-wellbeing-performance-3714
Health & Medicine Courses,Understanding Clinical Research: Behind the Statistics,https://www.classcentral.com/course/clinical-research-5037
Health & Medicine Courses,Understanding Dementia,https://www.classcentral.com/course/independent-understanding-dementia-981
Health & Medicine Courses,Understanding Traumatic Brain Injury (TBI),https://www.classcentral.com/course/independent-understanding-traumatic-brain-injury-mooc-39253
Health & Medicine Courses,Preventing Dementia,https://www.classcentral.com/course/independent-preventing-dementia-6565
Health & Medicine Courses,The Musculoskeletal System: The Science of Staying Active into Old Age,https://www.classcentral.com/course/musculoskeletal-6738
Health & Medicine Courses,End of Life Care: Challenges and Innovation,https://www.classcentral.com/course/end-of-life-care-16932
Humanities Courses,How to Succeed at: Writing Applications,https://www.classcentral.com/course/writing-applications-2248
Humanities Courses,A Life of Happiness and Fulfillment,https://www.classcentral.com/course/happiness-2860
Humanities Courses,Modern & Contemporary American Poetry (“ModPo”),https://www.classcentral.com/course/modpo-356
Humanities Courses,HOPE: Human Odyssey to Political Existentialism,https://www.classcentral.com/course/edx-hope-human-odyssey-to-political-existentialism-11584
Humanities Courses,Basic Spanish 1: Getting Started,https://www.classcentral.com/course/edx-basic-spanish-1-getting-started-3698
Humanities Courses,Nutrition and Health: Food Safety,https://www.classcentral.com/course/edx-nutrition-and-health-food-safety-5157
Humanities Courses,Literature of the English Country House,https://www.classcentral.com/course/country-house-literature-2028
Humanities Courses,English in Early Childhood: Language Learning and Development,https://www.classcentral.com/course/english-in-early-childhood-6910
Humanities Courses,Exploring English: Shakespeare,https://www.classcentral.com/course/explore-english-shakespeare-4847
Humanities Courses,Teaching English: How to Plan a Great Lesson,https://www.classcentral.com/course/teaching-english-great-lesson-13115
Humanities Courses,English for the Workplace,https://www.classcentral.com/course/workplace-english-6911
Humanities Courses,Academic Writing,https://www.classcentral.com/course/swayam-academic-writing-13881
Humanities Courses,Exploring English: Language and Culture,https://www.classcentral.com/course/explore-english-language-culture-2135
Humanities Courses,Learn Hindi through English,https://www.classcentral.com/course/youtube-learn-hindi-through-english-48720/classroom
Humanities Courses,Working with Translation: Theory and Practice,https://www.classcentral.com/course/working-with-translation-6981
Programming Courses,Computing in Python II: Control Structures,https://www.classcentral.com/course/edx-computing-in-python-ii-control-structures-11470
Programming Courses,Functional Program Design in Scala,https://www.classcentral.com/course/progfun2-1186
Programming Courses,Predictive Modeling and Machine Learning with MATLAB,https://www.classcentral.com/course/predictive-modeling-machine-learning-17129
Programming Courses,Introduction to Agent-based Modeling,https://www.classcentral.com/course/complexity-explorer-introduction-to-agent-based-modeling-1193
Programming Courses,Responsive Web Design,https://www.classcentral.com/course/freecodecamp-responsive-web-design-34059
Programming Courses,Data Science and Agile Systems for Product Management,https://www.classcentral.com/course/edx-data-science-and-agile-systems-for-product-management-19101
Programming Courses,Data Processing and Feature Engineering with MATLAB,https://www.classcentral.com/course/feature-engineering-matlab-17127
Programming Courses,Introduction to Databases,https://www.classcentral.com/course/db-303
Programming Courses,Computing in Python III: Data Structures,https://www.classcentral.com/course/edx-computing-in-python-iii-data-structures-11471
Programming Courses,Introduction to video game development with Unity,https://www.classcentral.com/course/edx-introduction-to-video-game-development-with-unity-18138
Programming Courses,Julia Scientific Programming,https://www.classcentral.com/course/julia-programming-7092
Programming Courses,Programming Mobile Applications for Android Handheld Systems: Part 1,https://www.classcentral.com/course/androidpart1-1178
Programming Courses,"HTML, CSS, and Javascript for Web Developers",https://www.classcentral.com/course/html-css-javascript-for-web-developers-4270
Programming Courses,"Responsive Website Basics: Code with HTML, CSS, and JavaScript ",https://www.classcentral.com/course/website-coding-4191
Programming Courses,"C++ For C Programmers, Part A",https://www.classcentral.com/course/c-plus-plus-a-671
Business Courses,The Digital Marketing Revolution,https://www.classcentral.com/course/digital-marketing-revolution-54370
Business Courses,Marketing in a Digital World,https://www.classcentral.com/course/dmdigitalworld-2750
Business Courses,Digital Marketing,https://www.classcentral.com/course/swayam-digital-marketing-14006
Business Courses,Protecting Business Innovations via Patent,https://www.classcentral.com/course/protect-business-innovations-patent-10382
Business Courses,FinTech Foundations and Overview,https://www.classcentral.com/course/fintech-11193
Business Courses,Product Management Fundamentals,https://www.classcentral.com/course/edx-product-management-fundamentals-19098
Business Courses,Managing Conflicts on Projects with Cultural and Emotional Intelligence,https://www.classcentral.com/course/edx-managing-conflicts-on-projects-with-cultural-and-emotional-intelligence-19747
Business Courses,Agile Leadership Principles and Practices,https://www.classcentral.com/course/edx-agile-leadership-principles-and-practices-11920
Business Courses,Agile Innovation and Problem Solving Skills,https://www.classcentral.com/course/edx-agile-innovation-and-problem-solving-skills-11919
Business Courses,Applied Scrum for Agile Project Management,https://www.classcentral.com/course/edx-applied-scrum-for-agile-project-management-11917
Business Courses,"Agile Process, Project, and Program Controls",https://www.classcentral.com/course/edx-agile-process-project-and-program-controls-11921
Business Courses,Sprint Planning for Faster Agile Team Delivery,https://www.classcentral.com/course/edx-sprint-planning-for-faster-agile-team-delivery-11918
Business Courses,Marketing Digital: Content & Community Manager,https://www.classcentral.com/course/edx-marketing-digital-content-community-manager-10386
Business Courses,Sustainable Tourism: Society & Environmental Aspects,https://www.classcentral.com/course/edx-sustainable-tourism-society-environmental-aspects-10356
Business Courses,Lean Production,https://www.classcentral.com/course/edx-lean-production-8447
Art & Design Courses,Introduction to Classical Music,https://www.classcentral.com/course/introclassicalmusic-2987
Art & Design Courses,Radio para internet con Podcast: creación y conceptos básicos,https://www.classcentral.com/course/edx-radio-para-internet-con-podcast-creacion-y-conceptos-basicos-11824
Art & Design Courses,18th-Century Opera: Handel & Mozart,https://www.classcentral.com/course/edx-18th-century-opera-handel-mozart-12061
Art & Design Courses,Songwriting: Writing the Lyrics,https://www.classcentral.com/course/songwriting-lyrics-523
Art & Design Courses,Exposing Digital Photography,https://www.classcentral.com/course/independent-exposing-digital-photography-8091
Art & Design Courses,Fundamentals of Music Theory,https://www.classcentral.com/course/musictheory-1358
Art & Design Courses,Human-Centered Design: an Introduction,https://www.classcentral.com/course/human-computer-interaction-4287
Art & Design Courses,First Nights - Handel's Messiah and Baroque Oratorio,https://www.classcentral.com/course/edx-first-nights-handel-s-messiah-and-baroque-oratorio-4548
Art & Design Courses,First Nights - Beethoven's 9th Symphony and the 19th Century Orchestra,https://www.classcentral.com/course/edx-first-nights-beethoven-s-9th-symphony-and-the-19th-century-orchestra-5383
Art & Design Courses,First Nights - Monteverdi’s L’Orfeo and the Birth of Opera,https://www.classcentral.com/course/edx-first-nights-monteverdi-s-l-orfeo-and-the-birth-of-opera-6365
Art & Design Courses,Ignite Your Everyday Creativity,https://www.classcentral.com/course/creative-3139
Art & Design Courses,The Film Experience (Fall 2013),https://www.classcentral.com/course/mit-opencourseware-the-film-experience-fall-2013-40957/classroom
Art & Design Courses,First Nights - Berlioz’s Symphonie Fantastique and Program Music in the 19th Century,https://www.classcentral.com/course/edx-first-nights-berlioz-s-symphonie-fantastique-and-program-music-in-the-19th-century-6612
Art & Design Courses,"First Nights - Stravinsky’s Rite of Spring: Modernism, Ballet, and Riots",https://www.classcentral.com/course/edx-first-nights-stravinsky-s-rite-of-spring-modernism-ballet-and-riots-7319
Art & Design Courses,3D Printing Applications,https://www.classcentral.com/course/3d-printing-applications-5986
Engineering Courses,Aircraft Systems Engineering (Fall 2005),https://www.classcentral.com/course/mit-opencourseware-aircraft-systems-engineering-fall-2005-40900/classroom
Engineering Courses,Going Places with Spatial Analysis,https://www.classcentral.com/course/independent-going-places-with-spatial-analysis-2341
Engineering Courses,Introducción a los encofrados y las cimbras en obra civil y edificación,https://www.classcentral.com/course/edx-introduccion-a-los-encofrados-y-las-cimbras-en-obra-civil-y-edificacion-11880
Engineering Courses,Spatial Data Science: The New Frontier in Analytics,https://www.classcentral.com/course/independent-spatial-data-science-the-new-frontier-in-analytics-17227
Engineering Courses,Artificial Intelligence for Robotics,https://www.classcentral.com/course/udacity-artificial-intelligence-for-robotics-319
Engineering Courses,"Mechanics of Materials IV: Deflections, Buckling, Combined Loading & Failure Theories",https://www.classcentral.com/course/materials-structures-6188
Engineering Courses,Engineering Systems in Motion: Dynamics of Particles and Bodies in 2D Motion,https://www.classcentral.com/course/dynamics-7788
Engineering Courses,Advanced Engineering Systems in Motion: Dynamics of Three Dimensional (3D) Motion,https://www.classcentral.com/course/3dmotion-2064
Engineering Courses,Robotics: Aerial Robotics,https://www.classcentral.com/course/robotics-flight-5025
Engineering Courses,Mechanics of Materials II: Thin-Walled Pressure Vessels and Torsion,https://www.classcentral.com/course/mechanics2-5385
Engineering Courses,Mastering Statics,https://www.classcentral.com/course/mastering-statics-13737
Engineering Courses,Circuits and Electronics (Spring 2007),https://www.classcentral.com/course/mit-opencourseware-circuits-and-electronics-spring-2007-40933/classroom
Engineering Courses,The Art of Structural Engineering: Vaults,https://www.classcentral.com/course/edx-the-art-of-structural-engineering-vaults-12040
Engineering Courses,Fundamentals of Photovoltaics (Fall 2013),https://www.classcentral.com/course/mit-opencourseware-fundamentals-of-photovoltaics-fall-2013-40971/classroom
Engineering Courses,Robotics: Computational Motion Planning,https://www.classcentral.com/course/robotics-computation-5029
Data Science Courses,Introduction to Computational Thinking and Data Science,https://www.classcentral.com/course/edx-introduction-to-computational-thinking-and-data-science-1779
Data Science Courses,Julia Scientific Programming,https://www.classcentral.com/course/julia-programming-7092
Data Science Courses,Statistical Inference,https://www.classcentral.com/course/statinference-1717
Data Science Courses,Regression Models,https://www.classcentral.com/course/regmods-1718
Data Science Courses,Statistics and R,https://www.classcentral.com/course/edx-statistics-and-r-2960
Data Science Courses,Introduction to Big Data,https://www.classcentral.com/course/intro-to-big-data-4164
Data Science Courses,Data Visualization,https://www.classcentral.com/course/datavisualization-2737
Data Science Courses,Pattern Discovery in Data Mining,https://www.classcentral.com/course/patterndiscovery-2733
Data Science Courses,Finding Hidden Messages in DNA (Bioinformatics I),https://www.classcentral.com/course/hiddenmessages-3289
Data Science Courses,Python for Genomic Data Science,https://www.classcentral.com/course/genpython-3476
Data Science Courses,Probability and Statistics in Data Science using Python,https://www.classcentral.com/course/edx-probability-and-statistics-in-data-science-using-python-8213
Data Science Courses,Making Sense of Data in the Media,https://www.classcentral.com/course/media-data-4925
Data Science Courses,Reproducible Research,https://www.classcentral.com/course/repdata-1716
Data Science Courses,Introduction to Transforming with Data Analytics and the Digital Organization,https://www.classcentral.com/course/edx-introduction-to-transforming-with-data-analytics-and-the-digital-organization-21480
Data Science Courses,A Crash Course in Data Science,https://www.classcentral.com/course/data-science-crash-course-4392
Science Courses,Industrial Pharmacy-I,https://www.classcentral.com/course/swayam-industrial-pharmacy-i-14123
Science Courses,Medical Neuroscience,https://www.classcentral.com/course/medicalneuro-384
Science Courses,Introducción a la Estructura de la Materia,https://www.classcentral.com/course/edx-introduccion-a-la-estructura-de-la-materia-3066
Science Courses,Best Practices for Biomedical Research Data Management (HE),https://www.classcentral.com/course/canvas-network-best-practices-for-biomedical-research-data-management-he-10172
Science Courses,Atmospheric Chemistry: Planets and Life Beyond Earth,https://www.classcentral.com/course/atmospheric-chemistry-planets-and-life-beyond-ear-12703
Science Courses,Sheep in the Land of Fire and Ice,https://www.classcentral.com/course/edx-sheep-in-the-land-of-fire-and-ice-13245
Science Courses,Astrobiology and the Search for Extraterrestrial Life,https://www.classcentral.com/course/astrobio-415
Science Courses,The Science of the Solar System,https://www.classcentral.com/course/solarsystem-1813
Science Courses,The Science of Everyday Thinking,https://www.classcentral.com/course/edx-the-science-of-everyday-thinking-1332
Science Courses,Introductory Human Physiology,https://www.classcentral.com/course/humanphysio-380
Science Courses,Extreme Geological Events,https://www.classcentral.com/course/extreme-geological-events-13558
Science Courses,How Things Work: An Introduction to Physics,https://www.classcentral.com/course/how-things-work-431
Science Courses,"Biochemistry: Biomolecules, Methods, and Mechanisms",https://www.classcentral.com/course/edx-biochemistry-biomolecules-methods-and-mechanisms-12585
Science Courses,Molecular Biology - Part 2: Transcription and Transposition,https://www.classcentral.com/course/edx-molecular-biology-part-2-transcription-and-transposition-4072
Science Courses,Organic Chemistry 1,https://www.classcentral.com/course/swayam-organic-chemistry-1-14221
Education & Teaching Courses,Aprendizaje y Enseñanza en la Era Digital,https://www.classcentral.com/course/edx-aprendizaje-y-ensenanza-en-la-era-digital-7266
Education & Teaching Courses,Supporting Successful Learning in Primary School,https://www.classcentral.com/course/supporting-learning-primary-13229
Education & Teaching Courses,"Educación de calidad para todos: equidad, inclusión y atención a la diversidad",https://www.classcentral.com/course/edx-educacion-de-calidad-para-todos-equidad-inclusion-y-atencion-a-la-diversidad-3920
Education & Teaching Courses,Learning Online: Researching Your Project,https://www.classcentral.com/course/searching-and-researching-5019
Education & Teaching Courses,Learning Online: Communicating and Collaborating,https://www.classcentral.com/course/learning-and-collaborating-5015
Education & Teaching Courses,Learning Online: Managing Your Online Identity,https://www.classcentral.com/course/online-identity-5018
Education & Teaching Courses,Leaders of Learning,https://www.classcentral.com/course/edx-leaders-of-learning-2027
Education & Teaching Courses,Introducción a las tecnologías para la Educación,https://www.classcentral.com/course/edx-introduccion-a-las-tecnologias-para-la-educacion-2956
Education & Teaching Courses,Transforming Digital Learning: Learning Design Meets Service Design,https://www.classcentral.com/course/digital-learning-12213
Education & Teaching Courses,Teaching Character and Creating Positive Classrooms ,https://www.classcentral.com/course/teaching-character-866
Education & Teaching Courses,Applying to U.S. Universities,https://www.classcentral.com/course/usuniversities-1620
Education & Teaching Courses,"American Education Reform: History, Policy, Practice",https://www.classcentral.com/course/edref-2793
Education & Teaching Courses,Preparing to Learn Online at University,https://www.classcentral.com/course/preparing-to-learn-online-at-university-19179
Education & Teaching Courses,Learning Online: Studying and Reflecting,https://www.classcentral.com/course/reflecting-and-sharing-5017
Education & Teaching Courses,Introduction to Family Engagement in Education,https://www.classcentral.com/course/edx-introduction-to-family-engagement-in-education-6513
Humanities Courses,Introduction to Dutch,https://www.classcentral.com/course/dutch-3014
Humanities Courses,First Step Korean,https://www.classcentral.com/course/learn-korean-5730
Humanities Courses,Food as Medicine,https://www.classcentral.com/course/food-as-medicine-5742
Humanities Courses,Basic Spanish 3: Getting there,https://www.classcentral.com/course/edx-basic-spanish-3-getting-there-17850
Humanities Courses,Miracles of Human Language: An Introduction to Linguistics,https://www.classcentral.com/course/humanlanguage-2940
Humanities Courses,Tsinghua Chinese: Start Talking with 1.3 Billion People,https://www.classcentral.com/course/edx-tsinghua-chinese-start-talking-with-1-3-billion-people-5426
Humanities Courses,Introduction to Philosophy,https://www.classcentral.com/course/introphil-418
Humanities Courses,Stanford Introduction to Food and Health,https://www.classcentral.com/course/food-and-health-5057
Humanities Courses,Chinese for Beginners,https://www.classcentral.com/course/hy-2353
Humanities Courses,WW1 Heroism: Through Art and Film,https://www.classcentral.com/course/ww1-heroism-art-film-5014
Humanities Courses,"Philosophy, Science and Religion: Religion and Science",https://www.classcentral.com/course/philosophy-science-religion-3-10623
Humanities Courses,Child Nutrition and Cooking,https://www.classcentral.com/course/childnutrition-816
Humanities Courses,Upper-Intermediate English: Business and Industry,https://www.classcentral.com/course/edx-upper-intermediate-english-business-and-industry-11800
Humanities Courses,Exploring English: Food and Culture,https://www.classcentral.com/course/exploring-english-food-and-culture-46007
Humanities Courses,Basic Spanish 2: One Step Further,https://www.classcentral.com/course/edx-basic-spanish-2-one-step-further-8672
Social Sciences Courses,What is a Mind?,https://www.classcentral.com/course/what-is-a-mind-3314
Social Sciences Courses,HOPE: Human Odyssey to Political Existentialism,https://www.classcentral.com/course/edx-hope-human-odyssey-to-political-existentialism-11584
Social Sciences Courses,Protecting Business Innovations via Patent,https://www.classcentral.com/course/protect-business-innovations-patent-10382
Social Sciences Courses,Supporting Victims of Domestic Violence,https://www.classcentral.com/course/domestic-violence-15221
Social Sciences Courses,Exploring Play: The Importance of Play in Everyday Life,https://www.classcentral.com/course/play-2134
Social Sciences Courses,Incarceration: Are Prisons a Suitable Punishment?,https://www.classcentral.com/course/incarceration-prisons-suitable-punishment-17036
Social Sciences Courses,A Beginner's Guide to Irrational Behavior,https://www.classcentral.com/course/behavioralecon-424
Social Sciences Courses,Computational Social Science Methods,https://www.classcentral.com/course/computational-social-science-methods-17299
Social Sciences Courses,"Education for All: Disability, Diversity and Inclusion ",https://www.classcentral.com/course/education-for-all-5664
Social Sciences Courses,School Counseling,https://www.classcentral.com/course/swayam-school-counseling-23796
Social Sciences Courses,Computational Social Science,https://www.classcentral.com/course/computational-social-science-ucdavis-18710
Social Sciences Courses,Introduction to Psychology: The Psychology of Learning,https://www.classcentral.com/course/psychology-of-learning-11039
Social Sciences Courses,Gender and Sexuality: Applications in Society,https://www.classcentral.com/course/edx-gender-and-sexuality-applications-in-society-12333
Social Sciences Courses,Green Business Strategy,https://www.classcentral.com/course/green-business-strategy-12644
Social Sciences Courses,Social Psychology,https://www.classcentral.com/course/socialpsychology-555
Mathematics Courses,Data Science: Linear Regression,https://www.classcentral.com/course/edx-data-science-linear-regression-10352
Mathematics Courses,Numerical Methods for Engineers,https://www.classcentral.com/course/numerical-methods-engineers-32822
Mathematics Courses,Probabilistic Systems Analysis and Applied Probability (Fall 2013),https://www.classcentral.com/course/mit-opencourseware-probabilistic-systems-analysis-and-applied-probability-fall-2013-40940/classroom
Mathematics Courses,Calculus Applied!,https://www.classcentral.com/course/edx-calculus-applied-8778
Mathematics Courses,Algebra: Elementary to Advanced - Functions & Applications,https://www.classcentral.com/course/algebra-ii-44579
Mathematics Courses,Mathematics for Computer Science (Spring 2015),https://www.classcentral.com/course/mit-opencourseware-mathematics-for-computer-science-spring-2015-40941/classroom
Mathematics Courses,Introduction to Probability,https://www.classcentral.com/course/edx-introduction-to-probability-11423
Mathematics Courses,Linear Regression and Modeling ,https://www.classcentral.com/course/linear-regression-model-6098
Mathematics Courses,Probabilistic Systems Analysis and Applied Probability (Fall 2010),https://www.classcentral.com/course/mit-opencourseware-probabilistic-systems-analysis-and-applied-probability-fall-2010-40939/classroom
Mathematics Courses,Fundamentals of Statistics,https://www.classcentral.com/course/edx-fundamentals-of-statistics-11482
Mathematics Courses,Algebra: Elementary to Advanced - Equations & Inequalities,https://www.classcentral.com/course/algebra-i-44578
Mathematics Courses,Calculus through Data & Modelling: Series and Integration,https://www.classcentral.com/course/calculus-through-data-and-modelling-series-and-in-32774
Mathematics Courses,Algebra: Elementary to Advanced - Polynomials and Roots,https://www.classcentral.com/course/polynomials-roots-44577
Mathematics Courses,Calculus through Data & Modelling: Vector Calculus,https://www.classcentral.com/course/calculus-through-data-and-modelling-vector-calcul-32766
Mathematics Courses,Calculus through Data & Modelling: Techniques of Integration,https://www.classcentral.com/course/calculus-through-data-and-modelling-techniques-of-32771
Personal Development Courses,Successful Negotiation: Essential Strategies and Skills,https://www.classcentral.com/course/successfulnegotiation-2460
Personal Development Courses,How to Succeed at: Interviews,https://www.classcentral.com/course/interviews-2253
Personal Development Courses,Critical Thinking at University: An Introduction,https://www.classcentral.com/course/critical-thinking-at-university-12273
Personal Development Courses,Mindshift: Break Through Obstacles to Learning and Discover Your Hidden Potential,https://www.classcentral.com/course/mindshift-8289
Personal Development Courses,Learning How to Learn: Powerful mental tools to help you master tough subjects,https://www.classcentral.com/course/learning-how-to-learn-2161
Personal Development Courses,Learning How To Learn for Youth,https://www.classcentral.com/course/learning-how-to-learn-youth-12569
Personal Development Courses,Improving Your Study Techniques,https://www.classcentral.com/course/improving-study-techniques-13420
Personal Development Courses,The Future of Work: Preparing for Disruption,https://www.classcentral.com/course/edx-the-future-of-work-preparing-for-disruption-13702
Personal Development Courses,Apprendre comment apprendre (ACA) : Des outils mentaux puissants qui vous aideront à maîtriser des sujets difficiles,https://www.classcentral.com/course/apprendre-comment-apprendre-18067
Personal Development Courses,Learn Like a Pro: Science-Based Tools to Become Better at Anything,https://www.classcentral.com/course/learn-like-a-pro-science-based-tools-to-become-be-40292
Personal Development Courses,Presentation skills: Speechwriting and Storytelling,https://www.classcentral.com/course/speechwriting-9646
Personal Development Courses,Presentation skills:  Effective Presentation Delivery,https://www.classcentral.com/course/delivery-9645
Personal Development Courses,Aprender,https://www.classcentral.com/course/aprendo-4631
Personal Development Courses,"Inglés empresarial: ventas, gestión y liderazgo",https://www.classcentral.com/course/edx-ingles-empresarial-ventas-gestion-y-liderazgo-19171
Personal Development Courses,Psychology of Personal Growth,https://www.classcentral.com/course/edx-psychology-of-personal-growth-8857
Art & Design Courses,Introduction to Graphic Illustration,https://www.classcentral.com/course/kadenze-introduction-to-graphic-illustration-3773
Art & Design Courses,Fundamentals of Graphic Design,https://www.classcentral.com/course/fundamentals-of-graphic-design-4792
Art & Design Courses,Design Principles: an Introduction,https://www.classcentral.com/course/design-principles-4296
Art & Design Courses,Guitar for Beginners,https://www.classcentral.com/course/guitar-522
Art & Design Courses,"19th-Century Opera: Meyerbeer, Wagner, & Verdi",https://www.classcentral.com/course/edx-19th-century-opera-meyerbeer-wagner-verdi-12384
Art & Design Courses,UX Design: From Concept to Prototype,https://www.classcentral.com/course/ux-design-concept-wireframe-12350
Art & Design Courses,"UX Research at Scale: Surveys, Analytics, Online Testing",https://www.classcentral.com/course/ux-research-at-scale-12351
Art & Design Courses,UX (User Experience) Capstone,https://www.classcentral.com/course/user-experience-capstone-12355
Art & Design Courses,User Experience & Interaction Design for AR/VR/MR/XR,https://www.classcentral.com/course/user-experience-interaction-design-augmented-virt-23275
Art & Design Courses,The Piano Sonata: Origins to Mozart,https://www.classcentral.com/course/piano-sonata-origins-to-mozart-43697
Art & Design Courses,The Piano Sonata: Beethoven and the Romantics,https://www.classcentral.com/course/piano-sonata-beethoven-to-romantics-43696
Art & Design Courses,The Piano Sonata: Russian and 20th-21st Century Composers,https://www.classcentral.com/course/piano-sonata-russian-20-21-century-composers-43695
Art & Design Courses,A Global History of Architecture,https://www.classcentral.com/course/edx-a-global-history-of-architecture-928
Art & Design Courses,Music Business Foundations,https://www.classcentral.com/course/music-business-foundations-4429
Art & Design Courses,Online Jamming and Concert Technology,https://www.classcentral.com/course/kadenze-online-jamming-and-concert-technology-3764
Data Science Courses,Data Science: R Basics,https://www.classcentral.com/course/edx-data-science-r-basics-9253
Data Science Courses,Algorithms for Big Data (COMPSCI 229r),https://www.classcentral.com/course/youtube-algorithms-for-big-data-compsci-229r-48050/classroom
Data Science Courses,Mastering Data Analysis in Excel,https://www.classcentral.com/course/analytics-excel-4310
Data Science Courses,Process Mining: Data science in Action,https://www.classcentral.com/course/procmin-2445
Data Science Courses,Hadoop Platform and Application Framework,https://www.classcentral.com/course/hadoop-4269
Data Science Courses,Biology Meets Programming: Bioinformatics for Beginners,https://www.classcentral.com/course/bioinformatics-745
Data Science Courses,People Analytics,https://www.classcentral.com/course/wharton-people-analytics-4264
Data Science Courses,Introduction to Systematic Review and Meta-Analysis,https://www.classcentral.com/course/systematicreview-3480
Data Science Courses,Digital Marketing Analytics in Practice,https://www.classcentral.com/course/dmanalyticspractice-2754
Data Science Courses,Mathematical Biostatistics Boot Camp 2,https://www.classcentral.com/course/biostats2-1033
Data Science Courses,Graph Analytics for Big Data,https://www.classcentral.com/course/graph-analytics-4249
Data Science Courses,Data Science Capstone,https://www.classcentral.com/course/data-science-project-2791
Data Science Courses,Developing Data Products,https://www.classcentral.com/course/devdataprod-1720
Data Science Courses,Managing Big Data with MySQL,https://www.classcentral.com/course/analytics-mysql-4181
Data Science Courses,Statistical Thinking for Data Science and Analytics,https://www.classcentral.com/course/edx-statistical-thinking-for-data-science-and-analytics-4913
Business Courses,Six Sigma: Define and Measure,https://www.classcentral.com/course/edx-six-sigma-define-and-measure-8450
Business Courses,"Six Sigma: Analyze, Improve, Control",https://www.classcentral.com/course/edx-six-sigma-analyze-improve-control-8452
Business Courses,Preparing to Manage Human Resources,https://www.classcentral.com/course/managing-human-resources-5462
Business Courses,Herramientas de la Inteligencia de Negocios,https://www.classcentral.com/course/edx-herramientas-de-la-inteligencia-de-negocios-10281
Business Courses,Almacenamiento de energía,https://www.classcentral.com/course/edx-almacenamiento-de-energia-19277
Business Courses,Excel: Fundamentos y herramientas,https://www.classcentral.com/course/edx-excel-fundamentos-y-herramientas-2962
Business Courses,Introducción a la inversión bursátil,https://www.classcentral.com/course/edx-introduccion-a-la-inversion-bursatil-5316
Business Courses,Introducción a la gestión de proyectos,https://www.classcentral.com/course/edx-introduccion-a-la-gestion-de-proyectos-4870
Business Courses,Estadística Aplicada a los Negocios,https://www.classcentral.com/course/edx-estadistica-aplicada-a-los-negocios-10270
Business Courses,Presentation skills: Designing Presentation Slides,https://www.classcentral.com/course/slides-9643
Business Courses,Ideas for a Better World: Leading Change Through Policymaking,https://www.classcentral.com/course/ideas-better-world-13689
Business Courses,Análisis estadístico con Excel,https://www.classcentral.com/course/edx-analisis-estadistico-con-excel-13320
Business Courses,Starting a Business 1: Vision and Opportunity,https://www.classcentral.com/course/starting-a-business-1-5007
Business Courses,Diseña presentaciones eficaces con Powerpoint,https://www.classcentral.com/course/edx-disena-presentaciones-eficaces-con-powerpoint-8673
Business Courses,"Accounting, Business and Society:  The Multi-faceted Role of Accounting",https://www.classcentral.com/course/accounting-business-society-12434
Programming Courses,CS50's Web Programming with Python and JavaScript,https://www.classcentral.com/course/edx-cs50-s-web-programming-with-python-and-javascript-11506
Programming Courses,Object-Oriented Design,https://www.classcentral.com/course/object-oriented-design-9216
Programming Courses,Introduction to VBA/Excel Programming,https://www.classcentral.com/course/open-education-by-blackboard-introduction-to-vba-excel-programming-1797
Programming Courses,Exploratory Data Analysis with MATLAB,https://www.classcentral.com/course/exploratory-data-analysis-matlab-17125
Programming Courses,Ruby on Rails: An Introduction,https://www.classcentral.com/course/ruby-on-rails-intro-4258
Programming Courses,Using Python for Research,https://www.classcentral.com/course/edx-using-python-for-research-7204
Programming Courses,"Programming Languages, Part A",https://www.classcentral.com/course/programming-languages-452
Programming Courses,Learn to Code,https://www.classcentral.com/course/intro-to-programming-nanodegree--nd000-18207
Programming Courses,Creative Programming for Digital Media & Mobile Apps,https://www.classcentral.com/course/digitalmedia-529
Programming Courses,Single Page Web Applications with AngularJS,https://www.classcentral.com/course/single-page-web-apps-with-angularjs-4283
Programming Courses,Getting Started with AWS Machine Learning,https://www.classcentral.com/course/aws-machine-learning-16924
Programming Courses,Design Patterns,https://www.classcentral.com/course/design-patterns-9215
Programming Courses,Foundations of Objective-C App Development,https://www.classcentral.com/course/objective-c-4268
Programming Courses,Getting Started with Go,https://www.classcentral.com/course/golang-getting-started-12046
Programming Courses,How To Create a Website in a Weekend! (Project-Centered Course),https://www.classcentral.com/course/how-to-create-a-website-5815
Humanities Courses,Success: Practical Thinking Skills,https://www.classcentral.com/course/edx-success-practical-thinking-skills-8617
Humanities Courses,Introduction to Research Ethics: Working with People,https://www.classcentral.com/course/research-ethics-an-introduction-12091
Humanities Courses,"The Bible's Prehistory, Purpose, and Political Future",https://www.classcentral.com/course/biblefuture-1406
Humanities Courses,Moralities of Everyday Life,https://www.classcentral.com/course/moralities-911
Humanities Courses,Shakespeare Matters,https://www.classcentral.com/course/edx-shakespeare-matters-8731
Humanities Courses,English for Career Development,https://www.classcentral.com/course/careerdevelopment-6011
Humanities Courses, Know Thyself - The Value and Limits of Self-Knowledge: The Examined Life,https://www.classcentral.com/course/know-thyself-the-examined-life-432
Humanities Courses,Food Science and Nutrition: From the Farm to You,https://www.classcentral.com/course/food-science-and-nutrition-18182
Humanities Courses,The Ancient Greeks,https://www.classcentral.com/course/ancientgreeks-502
Humanities Courses,Greek and Roman Mythology,https://www.classcentral.com/course/mythology-353
Humanities Courses,Discovering Science: Science Writing,https://www.classcentral.com/course/discovering-science-science-writing-7743
Humanities Courses,"The Modern World, Part One: Global History from 1760 to 1910",https://www.classcentral.com/course/modern-world-430
Humanities Courses,Grammar and Punctuation,https://www.classcentral.com/course/grammar-punctuation-4236
Humanities Courses,"Philosophy, Science and Religion: Philosophy and Religion",https://www.classcentral.com/course/philosophy-science-religion-2-9085
Humanities Courses,Academic Writing Made Easy,https://www.classcentral.com/course/edx-academic-writing-made-easy-13157
Engineering Courses,Energy Within Environmental Constraints,https://www.classcentral.com/course/edx-energy-within-environmental-constraints-6021
Engineering Courses,Our Energy Future,https://www.classcentral.com/course/ourenergyfuture-2055
Engineering Courses,Robotics: Perception,https://www.classcentral.com/course/robotics-perception-5033
Engineering Courses,Introduction to Robotics,https://www.classcentral.com/course/youtube-lecture-collection-introduction-to-robotics-54773/classroom
Engineering Courses,Mechanics of Materials III: Beam Bending,https://www.classcentral.com/course/beam-bending-6184
Engineering Courses,Robotics: Mobility,https://www.classcentral.com/course/robotics-mobility-5032
Engineering Courses,Machine Design Part I,https://www.classcentral.com/course/machine-design1-7404
Engineering Courses,"Principle of Semiconductor Devices Part I: Semiconductors, PN Junctions and Bipolar Junction Transistors",https://www.classcentral.com/course/edx-principle-of-semiconductor-devices-part-i-semiconductors-pn-junctions-and-bipolar-junction-transistors-11365
Engineering Courses,Robotics: Estimation and Learning,https://www.classcentral.com/course/robotics-estimation-and-learning-5030
Engineering Courses,Signals and Systems (Fall 2011),https://www.classcentral.com/course/mit-opencourseware-signals-and-systems-fall-2011-40934/classroom
Engineering Courses,Introduction to Aerospace Engineering: Astronautics and Human Spaceflight,https://www.classcentral.com/course/edx-introduction-to-aerospace-engineering-astronautics-and-human-spaceflight-3042
Engineering Courses,Numerical Methods for Engineers,https://www.classcentral.com/course/numerical-methods-engineers-32822
Engineering Courses,Introduction to solar cells,https://www.classcentral.com/course/solar-cells-9050
Engineering Courses,Principles of Digital Communications I (Fall 2006),https://www.classcentral.com/course/mit-opencourseware-principles-of-digital-communications-i-fall-2006-40948/classroom
Engineering Courses,Robotics: Capstone,https://www.classcentral.com/course/robotics-capstone-5129
Health & Medicine Courses,Anatomy: Know Your Abdomen,https://www.classcentral.com/course/anatomy-know-your-abdomen-5008
Health & Medicine Courses,Medicine and the Arts: Humanising Healthcare,https://www.classcentral.com/course/medicine-and-the-arts-3015
Health & Medicine Courses,Understanding Multiple Sclerosis (MS),https://www.classcentral.com/course/independent-understanding-multiple-sclerosis-ms-13338
Health & Medicine Courses,De-Mystifying Mindfulness,https://www.classcentral.com/course/mindfulness-6951
Health & Medicine Courses,Bioseguridad y equipo de protección para la prevención de COVID-19,https://www.classcentral.com/course/edx-bioseguridad-y-equipo-de-proteccion-para-la-prevencion-de-covid-19-20375
Health & Medicine Courses,Young People and Mental Health,https://www.classcentral.com/course/young-people-mental-health-9491
Health & Medicine Courses,Vital Signs: Understanding What the Body Is Telling Us,https://www.classcentral.com/course/vitalsigns-1887
Health & Medicine Courses,Introducción a la Regulación Emocional basada en Mindfulness,https://www.classcentral.com/course/edx-introduccion-a-la-regulacion-emocional-basada-en-mindfulness-13432
Health & Medicine Courses,Health Concepts in Chinese Medicine,https://www.classcentral.com/course/health-concepts-chinese-medicine-9496
Health & Medicine Courses,Improving Healthcare Through Clinical Research,https://www.classcentral.com/course/clinical-research-4046
Health & Medicine Courses,Functional Foods and Nutraceuticals,https://www.classcentral.com/course/swayam-functional-foods-and-nutraceuticals-14069
Health & Medicine Courses,FlashDiet: Aprende a comer sano,https://www.classcentral.com/course/edx-flashdiet-aprende-a-comer-sano-8631
Health & Medicine Courses,Riesgo biológico y bioseguridad en el entorno laboral,https://www.classcentral.com/course/edx-riesgo-biologico-y-bioseguridad-en-el-entorno-laboral-20325
Health & Medicine Courses,Causes of Human Disease: Nutrition and Environment,https://www.classcentral.com/course/human-disease-lifestyle-environment-9026
Health & Medicine Courses,Mechanical Ventilation for COVID-19,https://www.classcentral.com/course/edx-mechanical-ventilation-for-covid-19-19347
Computer Science Courses,Fundamentals of Reinforcement Learning,https://www.classcentral.com/course/fundamentals-of-reinforcement-learning-14497
Computer Science Courses,Sample-based Learning Methods,https://www.classcentral.com/course/sample-based-learning-methods-14496
Computer Science Courses,CS188.1x: Artificial Intelligence,https://www.classcentral.com/course/edx-cs188-1x-artificial-intelligence-445
Computer Science Courses,Machine Learning with Python: from Linear Models to Deep Learning,https://www.classcentral.com/course/edx-machine-learning-with-python-from-linear-models-to-deep-learning-11483
Computer Science Courses,A Complete Reinforcement Learning System (Capstone),https://www.classcentral.com/course/complete-reinforcement-learning-system-14498
Computer Science Courses,Probabilistic Graphical Models 1: Representation,https://www.classcentral.com/course/probabilistic-graphical-models-309
Computer Science Courses,Computer Science 101,https://www.classcentral.com/course/edx-computer-science-101-2175
Computer Science Courses,Introduction to Linux,https://www.classcentral.com/course/edx-introduction-to-linux-1857
Computer Science Courses,Probabilistic Graphical Models 2: Inference,https://www.classcentral.com/course/probabilistic-graphical-models-2-inferen-7292
Computer Science Courses,Practical Machine Learning,https://www.classcentral.com/course/predmachlearn-1719
Computer Science Courses,Machine Learning With Big Data,https://www.classcentral.com/course/machinelearningwithbigdata-4238
Computer Science Courses,Introduction to the Internet of Things and Embedded Systems,https://www.classcentral.com/course/iot-4338
Computer Science Courses,The Arduino Platform and C Programming,https://www.classcentral.com/course/arduino-platform-4206
Computer Science Courses,Design of Computer Programs,https://www.classcentral.com/course/udacity-design-of-computer-programs-323
Computer Science Courses,Principles of Computing (Part 1),https://www.classcentral.com/course/principlescomputing1-1724
Science Courses,Understanding the Brain: The Neurobiology of Everyday Life,https://www.classcentral.com/course/neurobio-1606
Science Courses,"Fundamentals of Neuroscience, Part 1: The Electrical Properties of the Neuron",https://www.classcentral.com/course/edx-fundamentals-of-neuroscience-part-1-the-electrical-properties-of-the-neuron-942
Science Courses,Paleontology: Theropod Dinosaurs and the Origin of Birds,https://www.classcentral.com/course/theropods-birds-5236
Science Courses,Algorithms for DNA Sequencing,https://www.classcentral.com/course/ads1-3433
Science Courses,Mathematical Biostatistics Boot Camp 1,https://www.classcentral.com/course/biostats-596
Science Courses,Dog Emotion and Cognition,https://www.classcentral.com/course/coursera-dog-emotion-and-cognition-3627
Science Courses,Physics by CrashCourse,https://www.classcentral.com/course/youtube-physics-45840/classroom
Science Courses,Técnicas Cuantitativas y Cualitativas para la Investigación,https://www.classcentral.com/course/edx-tecnicas-cuantitativas-y-cualitativas-para-la-investigacion-6601
Science Courses,Astronomy: Exploring Time and Space,https://www.classcentral.com/course/astro-3007
Science Courses,Understanding Einstein: The Special Theory of Relativity,https://www.classcentral.com/course/einstein-765
Science Courses,Introduction to Genetics and Evolution,https://www.classcentral.com/course/geneticsevolution-381
Science Courses,The Brain and Space,https://www.classcentral.com/course/brainspace-1362
Science Courses,Introduction to Genomic Technologies,https://www.classcentral.com/course/genintro-3472
Science Courses,Organic Farming for Sustainable Agricultural production,https://www.classcentral.com/course/youtube-organic-farming-for-sustainable-agricultural-production-by-prof-dilip-kumar-swain-47368/classroom
Science Courses,Algorithmic Information Dynamics: From Networks to Cells,https://www.classcentral.com/course/complexity-explorer-algorithmic-information-dynamics-from-networks-to-cells-3611
Social Sciences Courses,Model Thinking,https://www.classcentral.com/course/modelthinking-317
Social Sciences Courses,Justice,https://www.classcentral.com/course/edx-justice-610
Social Sciences Courses,Protecting Business Innovations via Copyright,https://www.classcentral.com/course/protect-business-innovations-copyright-8733
Social Sciences Courses,Introduction to Psychology: Developmental Psychology,https://www.classcentral.com/course/developmental-psychology-11040
Social Sciences Courses,Introduction to Intercultural Studies: Language and Culture,https://www.classcentral.com/course/intercultural-studies-language-culture-10562
Social Sciences Courses,Psychological First Aid,https://www.classcentral.com/course/psychfirstaid-2900
Social Sciences Courses,Computer Simulations,https://www.classcentral.com/course/computer-simulations-17986
Social Sciences Courses,Greening the Economy: Sustainable Cities,https://www.classcentral.com/course/gte-sustainable-cities-4851
Social Sciences Courses,EU policy and implementation: making Europe work! ,https://www.classcentral.com/course/eu-making-europe-work-7408
Social Sciences Courses,Direct Tax Laws and Practice,https://www.classcentral.com/course/swayam-direct-tax-laws-and-practice-14009
Social Sciences Courses,The Science of Well-Being,https://www.classcentral.com/course/the-science-of-well-being-10346
Social Sciences Courses,Protecting Business Innovations via Trademark,https://www.classcentral.com/course/protect-business-innovations-trademark-10038
Social Sciences Courses,Chinese Politics Part 1 – China and Political Science,https://www.classcentral.com/course/chinesepolitics1-3790
Social Sciences Courses,AP® Microeconomics,https://www.classcentral.com/course/edx-ap-microeconomics-8630
Social Sciences Courses,Computational Social Science Capstone Project,https://www.classcentral.com/course/css-capstone-17985
